Modelo,AUC Score,Recall (Rejeitado),Precision (Rejeitado),F1-Score
Regressão Logística (Baseline),0.8594056028696553,0.9074074074074074,0.8008915304606241,0.850828729281768
LightGBM Inicial,0.9472722871415683,0.8973063973063973,0.9205526770293609,0.9087809036658141
LightGBM Otimizado,0.9509363790409543,0.8821548821548821,0.9209138840070299,0.9011177987962167
